mouse,lesion,DAPI_count,total_host_count,B220_count,CD4_count,CD8_count,area,nonrep_tb,rep_tb,total_tb,B220_percent,CD4_percent,CD8_percent,Other_percent,B220_prop,CD4_prop,CD8_prop,DAPI_prop,DAPI_count_500,total_host_count_500,B220_count_500,CD4_count_500,CD8_count_500,RS_index,log_rep_tb,log_nonrep_tb,log_total_tb,log_RS_index,log_RS_prop,RS_prop,Vaccination,Timepoint
BCG17,L01,5164,6608,356,644,463,462334.5821,428,30,458,5.387409201,9.745762712,7.006658596,78.14769976,0.053874092,0.097457627,0.070066586,0.781476998,10.328,13.216,0.712,1.288,0.926,4.858172479,3.433987204,6.061456919,6.12905021,5.254662107,0.560280482,0.065502183,BCG,D114
BCG17,L02,6719,10526,1589,1471,847,585634.7926,426,37,463,15.09595288,13.97491925,8.046741402,63.83241497,0.150959529,0.139749192,0.080467414,0.63832415,13.438,21.052,3.178,2.942,1.694,3.820408039,3.63758616,6.056784013,6.139884552,3.503225081,0.592451882,0.079913607,BCG,D114
BCG17,L03,7485,13128,2948,1920,987,662423.3339,429,42,471,22.45581962,14.62522852,7.518281536,57.01553931,0.224558196,0.146252285,0.075182815,0.570155393,14.97,26.256,5.896,3.84,1.974,3.51248386,3.761200116,6.063785209,6.156978986,2.909053677,0.610884027,0.089171975,BCG,D114
BCG18,L01,7633,11341,2208,953,555,648579.386,712,87,799,19.46918261,8.403139053,4.893748347,67.30447051,0.194691826,0.084031391,0.048937483,0.673044705,15.266,22.682,4.416,1.906,1.11,8.608642798,4.477336814,6.56948142,6.684611728,4.017108052,0.669797588,0.108886108,BCG,D114
BCG18,L02,3938,5009,356,378,355,275313.9177,183,1,184,7.107207027,7.54641645,7.087242963,78.61848672,0.07107207,0.075464165,0.07087243,0.786184867,7.876,10.018,0.712,0.756,0.71,0.200731579,0.693147181,5.214935758,5.220355825,1.385241751,0.132777765,0.005434783,BCG,D114
BCG18,L03,7717,9551,453,764,636,607542.0285,226,25,251,4.742958852,7.999162391,6.658988588,80.79782222,0.047429589,0.079991624,0.066589886,0.807978222,15.434,19.102,0.906,1.528,1.272,2.907076403,3.258096538,5.424950017,5.529429088,3.476959684,0.589228379,0.099601594,BCG,D114
BCG18,L04,1808,2817,545,238,251,152368.3387,169,16,185,19.34682286,8.448704295,8.910188143,64.18175364,0.193468229,0.084487043,0.089101881,0.641817536,3.616,5.634,1.09,0.476,0.502,6.217533866,2.833213344,5.135798437,5.225746674,10.23370311,0.542164311,0.086486486,BCG,D114
BCG18,L05,4603,6222,539,613,470,339572.1461,348,42,390,8.662809386,9.852137576,7.553841209,73.97942784,0.086628094,0.098521376,0.075538412,0.739794278,9.206,12.444,1.078,1.226,0.94,7.564925348,3.761200116,5.855071922,5.96870756,6.162323603,0.630153191,0.107692308,BCG,D114
BCG18,L06,9857,14384,2678,1051,843,724032.6482,511,52,563,18.61790879,7.3067297,5.860678532,68.52753059,0.186179088,0.073067297,0.058606785,0.685275306,19.714,28.768,5.356,2.102,1.686,3.983007865,3.970291914,6.238324625,6.335054251,2.803013134,0.626717903,0.092362345,BCG,D114
BCG18,L07,1952,2959,545,286,210,160516.5385,54,3,57,18.41838459,9.665427509,7.096992227,65.96823251,0.184183846,0.096654275,0.070969922,0.659682325,3.904,5.918,1.09,0.572,0.42,1.070181368,1.386294361,4.007333185,4.060443011,4.747100849,0.341414559,0.052631579,BCG,D114
BCG18,L08,712,961,45,130,84,58166.22538,24,2,26,4.682622268,13.52757544,8.740894901,74.08949011,0.046826223,0.135275754,0.087408949,0.740894901,1.424,1.922,0.09,0.26,0.168,2.254595907,1.098612289,3.218875825,3.295836866,11.7053,0.333333333,0.076923077,BCG,D114
BCG19,L01,5382,13067,4321,1736,1731,676671.8614,211,13,224,33.06803398,13.28537537,13.24711104,41.1877248,0.33068034,0.132853754,0.13247111,0.411877248,10.764,26.134,8.642,3.472,3.462,1.056168047,2.63905733,5.356586275,5.416100402,2.042074283,0.487261523,0.058035714,BCG,D114
BCG19,L02,6655,11322,2351,1450,923,669872.2603,192,15,207,20.76488253,12.80692457,8.152269917,58.7793676,0.207648825,0.128069246,0.081522699,0.587793676,13.31,22.644,4.702,2.9,1.846,1.428358506,2.772588722,5.262690189,5.33753808,2.483679108,0.519450856,0.072463768,BCG,D114
BCG20,L01,1134,1617,66,269,150,144747.9239,57,3,60,4.081632653,16.63574521,9.276437848,70.12987013,0.040816327,0.166357452,0.092764378,0.701298701,2.268,3.234,0.132,0.538,0.3,1.952934284,1.386294361,4.060443011,4.110873864,8.679729059,0.337226197,0.05,BCG,D114
BCG20,L02,577,860,40,157,88,67916.09417,68,7,75,4.651162791,18.25581395,10.23255814,67.09302326,0.046511628,0.18255814,0.102325581,0.670930233,1.154,1.72,0.08,0.314,0.176,8.977428181,2.079441542,4.234106505,4.33073334,24.73135605,0.48015922,0.093333333,BCG,D114
BCG20,L03,195,266,18,35,19,19582.9844,22,1,23,6.766917293,13.15789474,7.142857143,73.30827068,0.067669173,0.131578947,0.071428571,0.733082707,0.39,0.532,0.036,0.07,0.038,3.930280246,0.693147181,3.135494216,3.17805383,26.41186505,0.218104292,0.043478261,BCG,D114
BCG20,L04,1689,2779,244,519,364,211118.9569,139,13,152,8.78013674,18.67578266,13.09823678,60.77725801,0.087801367,0.186757827,0.130982368,0.60777258,3.378,5.558,0.488,1.038,0.728,5.115447045,2.63905733,4.941642423,5.030437921,9.667067593,0.524617811,0.085526316,BCG,D114
BCG20,L05,682,1592,433,300,217,130151.4246,215,22,237,27.19849246,18.84422111,13.63065327,42.83919598,0.271984925,0.188442211,0.136306533,0.42839196,1.364,3.184,0.866,0.6,0.434,15.23314246,3.135494216,5.375278408,5.472270674,20.05070042,0.572978641,0.092827004,BCG,D114
BCG20,L06,2265,3380,215,469,435,330638.0963,134,8,142,6.360946746,13.87573964,12.86982249,67.01183432,0.063609467,0.138757396,0.128698225,0.670118343,4.53,6.76,0.43,0.938,0.87,2.508169213,2.197224577,4.905274778,4.96284463,6.576958278,0.442734911,0.056338028,BCG,D114
BCG20,L07,1357,3140,460,824,534,250469.7336,212,15,227,14.64968153,26.24203822,17.00636943,43.21656051,0.146496815,0.262420382,0.170063694,0.432165605,2.714,6.28,0.92,1.648,1.068,5.115070304,2.772588722,5.361292166,5.429345629,8.941982567,0.510667199,0.066079295,BCG,D114
BCG20,L08,1032,1854,119,449,259,153220.7863,296,36,332,6.418554477,24.21790723,13.96979504,55.66343042,0.064185545,0.242179072,0.13969795,0.556634304,2.064,3.708,0.238,0.898,0.518,21.77906061,3.610917913,5.693732139,5.80814249,19.86772391,0.621699264,0.108433735,BCG,D114
BCG20,L09,4254,6434,342,1229,646,469042.6117,335,18,353,5.315511346,19.1016475,10.04041032,66.11750078,0.053155113,0.191016475,0.100404103,0.661175008,8.508,12.868,0.684,2.458,1.292,2.947958374,2.944438979,5.81711116,5.869296913,4.617428922,0.501668091,0.050991501,BCG,D114
BCG20,L10,5449,9090,799,1755,1126,633145.4237,485,49,534,8.789878988,19.30693069,12.38723872,59.9449945,0.08789879,0.193069307,0.123872387,0.599449945,10.898,18.18,1.598,3.51,2.252,5.935150216,3.912023005,6.186208624,6.282266747,4.370481915,0.622708835,0.0917603,BCG,D114
BCG20,L11,3962,6076,892,656,614,559726.714,347,19,366,14.68071099,10.7965767,10.10533246,65.20737327,0.14680711,0.107965767,0.101053325,0.652073733,7.924,12.152,1.784,1.312,1.228,3.298279431,2.995732274,5.85220248,5.905361848,4.9752213,0.507290214,0.051912568,BCG,D114
BCG20,L12,1407,2842,705,479,338,184766.3402,209,11,220,24.80647431,16.85432794,11.89303308,49.50738916,0.248064743,0.168543279,0.118930331,0.495073892,2.814,5.684,1.41,0.958,0.676,4.074224971,2.48490665,5.347107531,5.398162702,8.826998584,0.460324519,0.05,BCG,D114
BCG20,L13,2045,2989,140,446,364,291467.1327,314,16,330,4.683840749,14.92137839,12.17798595,68.41753095,0.046838407,0.149213784,0.121779859,0.684175309,4.09,5.978,0.28,0.892,0.728,5.625723193,2.833213344,5.752572639,5.802118375,9.560439055,0.488306712,0.048484848,BCG,D114
BCG22,L01,10306,12950,1079,822,753,630036.1291,800,71,871,8.332046332,6.347490347,5.814671815,79.58301158,0.083320463,0.063474903,0.058146718,0.795830116,20.612,25.9,2.158,1.644,1.506,5.969208494,4.276666119,6.685860947,6.770789424,3.344394842,0.631634785,0.081515499,BCG,D114
BCG22,L02,1617,2052,93,168,176,124555.0547,35,4,39,4.532163743,8.187134503,8.576998051,78.80116959,0.045321637,0.081871345,0.085769981,0.788011696,3.234,4.104,0.186,0.336,0.352,2.172096909,1.609437912,3.583518938,3.688879454,8.073867734,0.436294526,0.102564103,BCG,D114
BCG22,L03,2248,2678,119,183,128,191810.7884,29,1,30,4.443614638,6.833457804,4.779686333,83.94324122,0.044436146,0.068334578,0.047796863,0.839432412,4.496,5.356,0.238,0.366,0.256,0.386289305,0.693147181,3.401197382,3.433987204,2.613254608,0.201849087,0.033333333,BCG,D114
BCG22,L04,4794,5523,156,300,273,263143.9894,251,30,281,2.824551874,5.431830527,4.942965779,86.80065182,0.028245519,0.054318305,0.049429658,0.868006518,9.588,11.046,0.312,0.6,0.546,6.081053299,3.433987204,5.529429088,5.641907071,6.344088972,0.608657172,0.106761566,BCG,D114
BCG22,L05,590,736,22,72,53,51267.20018,13,1,14,2.989130435,9.782608696,7.201086957,80.16304348,0.029891304,0.097826087,0.07201087,0.801630435,1.18,1.472,0.044,0.144,0.106,1.463210702,0.693147181,2.63905733,2.708050201,9.663969106,0.255958025,0.071428571,BCG,D114
BCG22,L06,3376,4058,272,268,150,200926.4003,122,12,134,6.702809266,6.604238541,3.696402169,83.19369147,0.067028093,0.066042385,0.036964022,0.831936915,6.752,8.116,0.544,0.536,0.3,3.247986168,2.564949357,4.812184355,4.905274778,6.442995611,0.522896162,0.089552239,BCG,D114
BCG23,L01,6161,7552,479,410,503,432173.2404,280,18,298,6.342690678,5.429025424,6.660487288,81.58103814,0.063426907,0.054290254,0.066604873,0.815810381,12.322,15.104,0.958,0.82,1.006,2.536697942,2.944438979,5.638354669,5.700443573,3.941820442,0.516528046,0.060402685,BCG,D114
BCG23,L02,9281,12425,1581,806,763,705485.0913,508,15,523,12.72434608,6.486921529,6.14084507,74.69617706,0.127243461,0.064869215,0.061408451,0.746961771,18.562,24.85,3.162,1.612,1.526,1.242890413,2.772588722,6.232448017,6.261491684,2.241858503,0.442800033,0.028680688,BCG,D114
BCG23,L03,24642,39035,9122,2937,2347,2018667.652,1353,85,1438,23.36877162,7.524016908,6.012552837,63.12796209,0.233687716,0.075240169,0.060125528,0.631279621,49.284,78.07,18.244,5.874,4.694,2.314332912,4.454347296,7.210818453,7.271703707,1.150751381,0.612558965,0.059109875,BCG,D114
BCG23,L04,5863,8176,1099,688,529,460382.5211,235,9,244,13.44178082,8.414872798,6.470156556,71.70988258,0.134417808,0.084148728,0.064701566,0.717098826,11.726,16.352,2.198,1.376,1.058,1.142940417,2.302585093,5.463831805,5.501258211,2.835564391,0.418556084,0.036885246,BCG,D114
BCG24,L01,9097,14230,3286,1082,774,686308.1748,163,27,190,23.09205903,7.603654252,5.43921293,63.92832045,0.23092059,0.076036543,0.054392129,0.639283204,18.194,28.46,6.572,2.164,1.548,2.211693088,3.33220451,5.099866428,5.252273428,2.411655519,0.634430891,0.142105263,BCG,D114
BCG24,L02,11638,17452,3485,1027,1321,859406.5684,192,43,235,19.96905799,5.884712354,7.569333028,66.68576667,0.19969058,0.058847124,0.07569333,0.666857667,23.276,34.904,6.97,2.054,2.642,3.015712144,3.784189634,5.262690189,5.463831805,2.251216199,0.692588969,0.182978723,BCG,D114
BCG25,L01,535,637,31,50,21,42303.09893,5,0,5,4.866562009,7.849293564,3.296703297,83.98744113,0.04866562,0.078492936,0.032967033,0.839874411,1.07,1.274,0.062,0.1,0.042,0,0,1.791759469,1.791759469,0,0,0,BCG,D114
BCG25,L02,1074,1313,42,167,30,72332.17214,13,2,15,3.198781417,12.7189642,2.284843869,81.79741051,0.031987814,0.127189642,0.022848439,0.817974105,2.148,2.626,0.084,0.334,0.06,1.757572207,1.098612289,2.63905733,2.772588722,8.790556186,0.396240625,0.133333333,BCG,D114
BCG25,L03,184,252,6,52,10,16756.07634,3,0,3,2.380952381,20.63492063,3.968253968,73.01587302,0.023809524,0.206349206,0.03968254,0.73015873,0.368,0.504,0.012,0.104,0.02,0,0,1.386294361,1.386294361,0,0,0,BCG,D114
BCG25,L04,658,847,23,115,51,58286.63757,51,3,54,2.715466352,13.57733176,6.021251476,77.68595041,0.027154664,0.135773318,0.060212515,0.776859504,1.316,1.694,0.046,0.23,0.102,3.750260435,1.386294361,3.951243719,4.007333185,16.59944932,0.345939381,0.055555556,BCG,D114
BCG25,L05,344,559,69,96,50,66924.40824,11,0,11,12.34347048,17.17352415,8.944543828,61.53846154,0.123434705,0.171735242,0.089445438,0.615384615,0.688,1.118,0.138,0.192,0.1,0,0,2.48490665,2.48490665,0,0,0,BCG,D114
BCG25,L06,2081,2551,181,207,81,124495.1165,21,0,21,7.095256762,8.114464916,3.175225402,81.57585261,0.070952568,0.081144649,0.031752254,0.815758526,4.162,5.102,0.362,0.414,0.162,0,0,3.091042453,3.091042453,0,0,0,BCG,D114
BCG25,L07,169,236,17,41,12,31679.04059,13,3,16,7.203389831,17.37288136,5.084745763,71.61016949,0.072033898,0.173728814,0.050847458,0.716101695,0.338,0.472,0.034,0.082,0.024,15.64537158,1.386294361,2.63905733,2.833213344,63.06289555,0.489301084,0.1875,BCG,D114
BCG25,L08,2001,2262,57,111,94,151788.6736,79,13,92,2.519893899,4.907161804,4.1556145,88.46153846,0.025198939,0.049071618,0.041556145,0.884615385,4.002,4.524,0.114,0.222,0.188,6.692856104,2.63905733,4.382026635,4.532599493,12.06781259,0.58223925,0.141304348,BCG,D114
BCG21,L01,6307,11695,1655,877,690,610109.9843,669,61,730,14.15134673,7.498931167,5.899957247,53.9290295,0.141513467,0.074989312,0.058999572,0.539290295,12.614,23.39,3.31,1.754,1.38,5.691494903,4.127134385,6.507277712,6.59441346,3.576228137,0.625853142,0.083561644,BCG,D114
BCG21,L02,2601,2829,50,69,28,181534.705,73,12,85,1.767408978,2.43902439,0.989749028,91.94061506,0.01767409,0.024390244,0.00989749,0.919406151,5.202,5.658,0.1,0.138,0.056,4.939060707,2.564949357,4.304065093,4.454347296,9.383202556,0.575830573,0.141176471,BCG,D114
BCG21,L03,7995,19345,4859,2048,1243,866376.0572,1084,80,1164,25.11760145,10.58671491,6.425432928,41.32850866,0.251176014,0.105867149,0.064254329,0.413285087,15.99,38.69,9.718,4.096,2.486,4.440633706,4.394449155,6.989335266,7.060476366,2.294741871,0.622401227,0.068728522,BCG,D114
BCG21,L04,2949,5684,504,772,499,304944.2728,152,8,160,8.866995074,13.58198452,8.779028853,51.88247713,0.088669951,0.135819845,0.087790289,0.518824771,5.898,11.368,1.008,1.544,0.998,1.481536353,2.197224577,5.030437921,5.081404365,3.904795925,0.432404985,0.05,BCG,D114
BCG21,L05,3817,6568,765,562,273,336966.2935,95,7,102,11.64738124,8.556638246,4.156516443,58.11510353,0.116473812,0.085566382,0.041565164,0.581151035,7.634,13.136,1.53,1.124,0.546,1.144304122,2.079441542,4.564348191,4.634728988,3.214838411,0.448665186,0.068627451,BCG,D114
BCG21,L06,837,1642,387,166,127,77030.66652,11,0,11,23.56881851,10.10962241,7.734470158,50.97442144,0.235688185,0.101096224,0.077344702,0.509744214,1.674,3.284,0.774,0.332,0.254,0,0,2.48490665,2.48490665,0,0,0,BCG,D114
BCG21,L07,2209,3538,77,388,328,227342.5278,106,10,116,2.176370831,10.96664782,9.270774449,62.43640475,0.021763708,0.109666478,0.092707744,0.624364047,4.418,7.076,0.154,0.776,0.656,3.093102382,2.397895273,4.672828834,4.762173935,6.907132123,0.503529545,0.086206897,BCG,D114
SAL18,L01,1131,1368,63,103,71,144342.3962,258,19,277,4.605263158,7.529239766,5.19005848,82.6754386,0.046052632,0.075292398,0.051900585,0.826754386,2.262,2.736,0.126,0.206,0.142,14.91171404,2.995732274,5.556828062,5.627621114,22.17761255,0.532326575,0.068592058,SAL,D114
SAL18,L02,316,421,17,72,16,29220.43641,56,1,57,4.038004751,17.10213777,3.800475059,75.05938242,0.040380048,0.171021378,0.038004751,0.750593824,0.632,0.842,0.034,0.144,0.032,2.417712928,0.693147181,4.043051268,4.060443011,16.53512705,0.17070728,0.01754386,SAL,D114
SAL18,L03,513,709,30,90,76,48036.9923,88,7,95,4.231311707,12.69393512,10.71932299,72.35543018,0.042313117,0.126939351,0.10719323,0.723554302,1.026,1.418,0.06,0.18,0.152,10.65841775,2.079441542,4.48863637,4.564348191,29.82392673,0.45558346,0.073684211,SAL,D114
SAL18,L04,4465,5347,223,324,335,363613.0439,692,64,756,4.170562932,6.059472601,6.265195437,83.50476903,0.041705629,0.060594726,0.062651954,0.83504769,8.93,10.694,0.446,0.648,0.67,13.07631852,4.17438727,6.541029999,6.629363253,7.912399903,0.629681481,0.084656085,SAL,D114
SAL18,L05,2397,3044,141,260,246,201011.829,540,56,596,4.632063075,8.541392904,8.081471748,78.74507227,0.046320631,0.085413929,0.080814717,0.787450723,4.794,6.088,0.282,0.52,0.492,20.30466735,4.043051268,6.293419279,6.391917113,13.48991052,0.632525609,0.093959732,SAL,D114
SAL18,L06,1682,2163,63,204,214,158074.3864,385,61,446,2.912621359,9.431345354,9.893666204,77.76236708,0.029126214,0.094313454,0.098936662,0.777623671,3.364,4.326,0.126,0.408,0.428,32.66987289,4.127134385,5.955837369,6.102558595,19.55065079,0.676295741,0.1367713,SAL,D114
SAL18,L07,1233,1849,263,193,161,105324.0982,30,4,34,14.22390481,10.43807463,8.70740941,66.68469443,0.142239048,0.104380746,0.087074094,0.666846944,2.466,3.698,0.526,0.386,0.322,2.451775735,1.609437912,3.433987204,3.555348061,9.011991376,0.45268083,0.117647059,SAL,D114
SAL18,L08,1909,2577,131,280,258,168558.1815,414,62,476,5.083430345,10.8653473,10.01164144,74.07838572,0.050834303,0.108653473,0.100116414,0.740783857,3.818,5.154,0.262,0.56,0.516,27.66201946,4.143134726,6.02827852,6.167516491,16.44870256,0.67176711,0.130252101,SAL,D114
SAL18,L09,2995,3719,168,324,239,234779.0725,347,15,362,4.517343372,8.71201936,6.426458725,80.53240118,0.045173434,0.087120194,0.064264587,0.805324012,5.99,7.438,0.336,0.648,0.478,4.207694269,2.772588722,5.85220248,5.894402834,7.508959176,0.470376525,0.041436464,SAL,D114
SAL18,L10,1061,1499,88,197,153,84281.58808,108,3,111,5.870580387,13.14209473,10.20680454,70.78052035,0.058705804,0.131420947,0.102068045,0.707805203,2.122,2.998,0.176,0.394,0.306,2.05692684,1.386294361,4.691347882,4.718498871,9.301650998,0.293799871,0.027027027,SAL,D114
SAL20,L01,3392,3929,180,188,170,269310.4993,137,4,141,4.581318402,4.784932553,4.326800713,86.3324001,0.045813184,0.047849326,0.043268007,0.863324001,6.784,7.858,0.36,0.376,0.34,1.04779545,1.609437912,4.927253685,4.955827058,4.120058838,0.324756674,0.028368794,SAL,D114
SAL20,L02,3957,4873,274,339,305,324779.5484,600,71,671,5.622819618,6.956700185,6.258978042,81.20254463,0.056228196,0.069567002,0.06258978,0.812025446,7.914,9.746,0.548,0.678,0.61,16.29420617,4.276666119,6.398594935,6.510258341,8.929405375,0.656911891,0.105812221,SAL,D114
SAL20,L03,425,663,40,79,122,41309.18285,76,7,83,6.033182504,11.91553544,18.40120664,64.1025641,0.060331825,0.119155354,0.184012066,0.641025641,0.85,1.326,0.08,0.158,0.244,11.53052314,2.079441542,4.343805422,4.430816799,31.99238503,0.469313365,0.084337349,SAL,D114
SAL20,L04,9901,16018,3464,1262,1474,971551.6238,2147,246,2393,21.62567112,7.878636534,9.202147584,61.81171182,0.216256711,0.078786365,0.092021476,0.618117118,19.802,32.036,6.928,2.524,2.948,17.11738709,5.509388337,7.672292456,7.780720886,3.488106875,0.708081991,0.102799833,SAL,D114
SAL20,L05,9459,15451,4162,905,1029,918150.3648,2564,159,2723,26.93676785,5.85722607,6.659763122,61.21933855,0.269367678,0.058572261,0.066597631,0.612193386,18.918,30.902,8.324,1.81,2.058,10.92874147,5.075173815,7.849713758,7.909856667,3.309856167,0.641626521,0.05839148,SAL,D114
SAL19,L01,12477,19265,3302,2133,1461,1246700.883,3002,277,3279,17.13989099,11.07189203,7.583701012,64.76511809,0.17139891,0.11071892,0.07583701,0.647651181,24.954,38.53,6.604,4.266,2.922,15.70512815,5.627621114,8.007367068,8.095598701,2.953351044,0.69514576,0.084476975,SAL,D114
SAL19,L02,272,400,34,58,37,26514.9946,61,4,65,8.5,14.5,9.25,68,0.085,0.145,0.0925,0.68,0.544,0.8,0.068,0.116,0.074,10.6557377,1.609437912,4.127134385,4.189654742,40.84546657,0.384145714,0.061538462,SAL,D114
SAL19,L03,2464,3205,158,318,271,232245.1141,369,13,382,4.929797192,9.92199688,8.455538222,76.8798752,0.049297972,0.099219969,0.084555382,0.768798752,4.928,6.41,0.316,0.636,0.542,4.199062271,2.63905733,5.913503006,5.948034989,8.282271893,0.443685576,0.034031414,SAL,D114
SAL19,L04,104,383,154,90,57,17363.1093,44,0,44,40.20887728,23.49869452,14.88250653,27.154047,0.402088773,0.234986945,0.148825065,0.27154047,0.208,0.766,0.308,0.18,0.114,0,0,3.80666249,3.80666249,0,0,0,SAL,D114
SAL19,L05,1445,1611,47,52,69,109802.645,103,7,110,2.917442582,3.227808814,4.283054004,89.69584109,0.029174426,0.032278088,0.04283054,0.896958411,2.89,3.222,0.094,0.104,0.138,4.64042716,2.079441542,4.644390899,4.709530201,13.08880496,0.441539061,0.063636364,SAL,D114
SAL19,L06,1601,2489,431,273,219,170937.3054,348,45,393,17.31619124,10.96826035,8.798714343,64.32302129,0.173161912,0.109682603,0.087987143,0.643230213,3.202,4.978,0.862,0.546,0.438,20.41742287,3.828641396,5.855071922,5.976350909,15.70086754,0.64063196,0.114503817,SAL,D114
SAL19,L07,3035,4557,1086,209,276,280138.9261,471,58,529,23.83146807,4.586350669,6.056616195,66.60083388,0.238314681,0.045863507,0.060566162,0.666008339,6.07,9.114,2.172,0.418,0.552,14.29498585,4.077537444,6.156978986,6.272877007,9.116287862,0.650026685,0.109640832,SAL,D114
SAL21,L01,7406,10188,892,979,926,630883.0508,2561,159,2720,8.755398508,9.609344327,9.08912446,72.69336474,0.087553985,0.096093443,0.090891245,0.726933647,14.812,20.376,1.784,1.958,1.852,16.57553343,5.075173815,7.848543482,7.908754739,5.019737689,0.641715919,0.058455882,SAL,D114
SAL21,L02,1749,2447,134,321,252,171039.975,437,32,469,5.476093175,13.1181038,10.29832448,71.47527585,0.054760932,0.131181038,0.102983245,0.714752758,3.498,4.894,0.268,0.642,0.504,14.03483834,3.496507561,6.08221891,6.152732695,14.45461414,0.568285303,0.068230277,SAL,D114
SAL21,L03,2206,2592,131,125,131,149185.8388,130,10,140,5.054012346,4.822530864,5.054012346,85.10802469,0.050540123,0.048225309,0.050540123,0.851080247,4.412,5.184,0.262,0.25,0.262,4.154795821,2.397895273,4.875197323,4.94875989,9.390730965,0.484544679,0.071428571,SAL,D114
SAL21,L04,2407,3394,149,262,583,188109.8228,795,53,848,4.390100177,7.719505009,17.17737183,70.9192693,0.043901002,0.07719505,0.171773718,0.709192693,4.814,6.788,0.298,0.524,1.166,16.65684541,3.988984047,6.679599186,6.744059186,11.86646688,0.591481174,0.0625,SAL,D114
SAL21,L05,1449,1964,96,234,185,111387.9617,301,19,320,4.887983707,11.91446029,9.419551935,73.77800407,0.048879837,0.119144603,0.094195519,0.737780041,2.898,3.928,0.192,0.468,0.37,10.28479407,2.995732274,5.710427017,5.771441123,15.41619514,0.519061394,0.059375,SAL,D114
SAL21,L06,1693,2425,109,351,276,170466.9265,368,35,403,4.494845361,14.4742268,11.3814433,69.81443299,0.044948454,0.144742268,0.113814433,0.69814433,3.386,4.85,0.218,0.702,0.552,15.80569251,3.583518938,5.910796644,6.001414878,15.00394949,0.59711235,0.086848635,SAL,D114
SAL21,L07,584,815,133,67,34,54824.41312,47,2,49,16.3190184,8.220858896,4.171779141,71.65644172,0.163190184,0.082208589,0.041717791,0.716564417,1.168,1.63,0.266,0.134,0.068,2.55841274,1.098612289,3.871201011,3.912023005,13.62205161,0.280829711,0.040816327,SAL,D114
SAL21,L08,4363,5741,291,648,441,318108.533,741,64,805,5.068803344,11.28723219,7.681588573,75.99721303,0.050688033,0.112872322,0.076815886,0.75997213,8.726,11.482,0.582,1.296,0.882,12.1107238,4.17438727,6.609349243,6.692083743,7.362204158,0.623779891,0.079503106,SAL,D114
SAL21,L09,621,750,24,72,34,41944.14931,6,2,8,3.2,9.6,4.533333333,82.8,0.032,0.096,0.045333333,0.828,1.242,1.5,0.048,0.144,0.068,3.555555556,1.098612289,1.945910149,2.197224577,16.53997521,0.5,0.25,SAL,D114
SAL21,L10,1438,1820,62,220,103,115380.9767,59,8,67,3.406593407,12.08791209,5.659340659,79.01098901,0.034065934,0.120879121,0.056593407,0.79010989,2.876,3.64,0.124,0.44,0.206,4.991618551,2.197224577,4.094344562,4.219507705,12.44172094,0.520730078,0.119402985,SAL,D114
SAL21,L11,1961,2249,67,145,76,125769.1461,26,0,26,2.979101823,6.447309916,3.37927968,87.19430858,0.029791018,0.064473099,0.033792797,0.871943086,3.922,4.498,0.134,0.29,0.152,0,0,3.295836866,3.295836866,0,0,0,SAL,D114
SAL23,L01,2704,3294,144,261,187,244280.2335,90,4,94,4.371584699,7.923497268,5.676988464,82.08864602,0.043715847,0.079234973,0.056769885,0.82088646,5.408,6.588,0.288,0.522,0.374,1.268299265,1.609437912,4.510859507,4.553876892,4.932562735,0.35342148,0.042553191,SAL,D114
SAL23,L02,2700,3395,93,338,265,230527.0703,237,28,265,2.739322533,9.955817378,7.805596465,79.5287187,0.027393225,0.099558174,0.078055965,0.795287187,5.4,6.79,0.186,0.676,0.53,9.221801731,3.36729583,5.472270674,5.583496309,10.11999171,0.603080157,0.105660377,SAL,D114
SAL23,L03,9614,14787,4006,638,581,794111.9088,1453,281,1734,27.09136404,4.314600663,3.929126936,65.01656861,0.27091364,0.043146007,0.039291269,0.650165686,19.228,29.574,8.012,1.276,1.162,22.67825978,5.641907071,7.282073658,7.458762692,3.908027202,0.756413269,0.162053057,SAL,D114
SAL23,L04,1280,1467,23,107,62,98630.96994,50,7,57,1.567825494,7.293796864,4.226312202,87.25289707,0.015678255,0.072937969,0.042263122,0.872528971,2.56,2.934,0.046,0.214,0.124,5.439672802,2.079441542,3.931825633,4.060443011,14.63847285,0.512121839,0.122807018,SAL,D114
SAL23,L05,1303,1488,38,76,79,116530.4054,72,4,76,2.553763441,5.107526882,5.309139785,87.5672043,0.025537634,0.051075269,0.053091398,0.875672043,2.606,2.976,0.076,0.152,0.158,2.837514934,1.609437912,4.290459441,4.343805422,10.95059856,0.370513353,0.052631579,SAL,D114
SAL23,L06,1297,1881,277,184,129,99770.40352,38,0,38,14.72620946,9.782030835,6.858054226,68.95268474,0.147262095,0.097820308,0.068580542,0.689526847,2.594,3.762,0.554,0.368,0.258,0,0,3.663561646,3.663561646,0,0,0,SAL,D114
SAL23,L07,1356,1761,101,127,177,109052.456,105,8,113,5.735377626,7.211811471,10.05110733,77.00170358,0.057353776,0.072118115,0.100511073,0.770017036,2.712,3.522,0.202,0.254,0.354,4.888997053,2.197224577,4.663439094,4.736198448,12.67181064,0.463921561,0.07079646,SAL,D114
SAL22,L01,45247,65598,7983,6331,6187,3284039.151,37,4,41,12.16957834,9.651208878,9.431689991,68.9761883,0.121695783,0.096512089,0.0943169,0.689761883,90.494,131.196,15.966,12.662,12.374,0.067569628,1.609437912,3.63758616,3.737669618,0.252099074,0.430599298,0.097560976,SAL,D114
SAL24,L01,5788,6935,608,326,224,454484.0732,973,300,1273,8.767123288,4.700793079,3.22999279,83.46070656,0.087671233,0.047007931,0.032299928,0.834607066,11.576,13.87,1.216,0.652,0.448,56.59660139,5.707110265,6.881411304,7.149916836,8.550534663,0.798206524,0.235663786,SAL,D114
SAL24,L02,1159,1275,34,48,34,85622.43656,52,0,52,2.666666667,3.764705882,2.666666667,90.90196078,0.026666667,0.037647059,0.026666667,0.909019608,2.318,2.55,0.068,0.096,0.068,0,0,3.970291914,3.970291914,0,0,0,SAL,D114
SAL24,L03,13400,18454,2103,1381,1619,1153558.226,1924,460,2384,11.39590333,7.483472418,8.773165709,72.61298363,0.113959033,0.074834724,0.087731657,0.726129836,26.8,36.908,4.206,2.762,3.238,30.88648586,6.133398043,7.562681247,7.776954403,3.417782255,0.788663238,0.19295302,SAL,D114
SAL24,L04,6834,8353,274,680,570,536203.45,874,201,1075,3.28025859,8.140787741,6.823895606,81.8149168,0.032802586,0.081407877,0.068238956,0.818149168,13.668,16.706,0.548,1.36,1.14,29.59719867,5.308267697,6.774223886,6.981005741,6.548906413,0.760387241,0.186976744,SAL,D114
SAL24,L05,2580,3403,438,216,172,190053.8564,475,84,559,12.87099618,6.347340582,5.054363797,75.81545695,0.128709962,0.063473406,0.050543638,0.758154569,5.16,6.806,0.876,0.432,0.344,29.04929087,4.442651256,6.165417854,6.327936784,13.39923148,0.702069475,0.150268336,SAL,D114
SAL24,L06,19788,28567,3209,3032,2615,1686043.524,7154,1135,8289,11.23324115,10.61364511,9.153918857,69.26873665,0.112332412,0.106136451,0.091539189,0.692687367,39.576,57.134,6.418,6.064,5.23,46.03460601,7.035268599,8.875566692,9.022805248,2.503580383,0.779720764,0.136928459,SAL,D114
SAL24,L07,11098,12370,195,554,533,745604.3555,1256,142,1398,1.576394503,4.478577203,4.308811641,89.7170574,0.015763945,0.044785772,0.043088116,0.897170574,22.196,24.74,0.39,1.108,1.066,12.77721424,4.96284463,7.136483209,7.243512975,4.072170689,0.685143334,0.101573677,SAL,D114
SAL24,L08,10910,13558,916,1115,632,799379.2903,1888,192,2080,6.756158725,8.223926833,4.661454492,80.46909574,0.067561587,0.082239268,0.046614545,0.804690957,21.82,27.116,1.832,2.23,1.264,15.60152115,5.262690189,7.543802868,7.640603826,3.931420747,0.688779357,0.092307692,SAL,D114
SAL24,L09,3752,4017,35,115,115,232227.8914,437,43,480,0.871296988,2.86283296,2.86283296,93.40303709,0.00871297,0.02862833,0.02862833,0.934030371,7.504,8.034,0.07,0.23,0.23,11.75780963,3.784189634,6.08221891,6.17586727,9.565484373,0.612738174,0.089583333,SAL,D114
SAL24,L10,4683,5598,285,488,145,341823.4108,524,20,544,5.091103966,8.717399071,2.59021079,83.65487674,0.05091104,0.087173991,0.025902108,0.836548767,9.366,11.196,0.57,0.976,0.29,3.709067306,3.044522438,6.263398263,6.300785795,5.47105364,0.483197261,0.036764706,SAL,D114
SAL24,L11,28162,33825,1847,2089,1764,2118670.129,4575,585,5160,5.460458241,6.175905395,5.215077605,83.25794531,0.054604582,0.061759054,0.052150776,0.832579453,56.324,67.65,3.694,4.178,3.528,19.50637927,6.37331979,8.428580533,8.548885638,1.91109806,0.745514686,0.113372093,SAL,D114
SAL24,L12,10051,11086,415,330,294,679597.1681,1361,77,1438,3.74346022,2.976727404,2.651993505,90.66390041,0.037434602,0.029767274,0.026519935,0.906639004,20.102,22.172,0.83,0.66,0.588,7.338657372,4.356708827,7.216709487,7.271703707,3.959867125,0.599131786,0.053546592,SAL,D114
SAL24,L13,1393,1492,12,41,46,100348.4495,149,20,169,0.804289544,2.747989276,3.08310992,93.36461126,0.008042895,0.027479893,0.030831099,0.933646113,2.786,2.984,0.024,0.082,0.092,15.20413121,3.044522438,5.010635294,5.135798437,20.91536912,0.592804113,0.118343195,SAL,D114
SAL24,L14,8946,11711,1142,968,687,724813.0243,1099,161,1260,9.751515669,8.265733071,5.866279566,76.38971907,0.097515157,0.082657331,0.058662796,0.763897191,17.892,23.422,2.284,1.936,1.374,15.76176136,5.087596335,7.003065459,7.139660336,4.429023964,0.712582405,0.127777778,SAL,D114
BCG14,L01,3629,4818,235,548,458,397481.2197,24,2,26,4.877542549,11.37401411,9.506019095,75.32171025,0.048775425,0.113740141,0.095060191,0.753217103,7.258,9.636,0.47,1.096,0.916,0.449702504,1.098612289,3.218875825,3.295836866,2.334743318,0.333333333,0.076923077,BCG,D56
BCG14,L02,2140,2556,63,173,199,263914.7234,17,2,19,2.464788732,6.768388106,7.785602504,83.72456964,0.024647887,0.067683881,0.077856025,0.837245696,4.28,5.112,0.126,0.346,0.398,0.874528215,1.098612289,2.890371758,2.995732274,4.454848059,0.366725791,0.105263158,BCG,D56
BCG13,L01,942,1046,78,10,17,76780.65797,24,1,25,7.456978967,0.956022945,1.625239006,90.05736138,0.07456979,0.009560229,0.01625239,0.900573614,1.884,2.092,0.156,0.02,0.034,0.995857234,0.693147181,3.218875825,3.258096538,6.707389115,0.212746054,0.04,BCG,D56
BCG13,L02,8050,9285,722,206,319,650261.8091,975,100,1075,7.775982768,2.218632202,3.435648896,86.69897684,0.077759828,0.022186322,0.034356489,0.866989768,16.1,18.57,1.444,0.412,0.638,11.8746807,4.615120517,6.883462586,6.981005741,5.040947533,0.661096794,0.093023256,BCG,D56
BCG13,L03,1636,1812,34,42,105,117579.7527,37,1,38,1.876379691,2.317880795,5.794701987,90.28697572,0.018763797,0.023178808,0.05794702,0.902869757,3.272,3.624,0.068,0.084,0.21,0.566791958,0.693147181,3.63758616,3.663561646,3.852631601,0.18920036,0.026315789,BCG,D56
BCG13,L04,1476,1790,74,94,155,143644.7305,56,3,59,4.134078212,5.251396648,8.659217877,82.45810056,0.041340782,0.052513966,0.086592179,0.824581006,2.952,3.58,0.148,0.188,0.31,1.765762171,1.386294361,4.043051268,4.094344562,7.842916034,0.338587615,0.050847458,BCG,D56
BCG13,L05,1764,2314,245,71,248,140216.4871,97,2,99,10.58772688,3.068280035,10.71737252,76.23163354,0.105877269,0.0306828,0.107173725,0.762316335,3.528,4.628,0.49,0.142,0.496,0.882124941,1.098612289,4.584967479,4.605170186,4.768595919,0.238560627,0.02020202,BCG,D56
BCG13,L06,2580,2875,110,64,125,193349.2621,146,11,157,3.826086957,2.226086957,4.347826087,89.73913043,0.03826087,0.02226087,0.043478261,0.897391304,5.16,5.75,0.22,0.128,0.25,4.114353782,2.48490665,4.990432587,5.062595033,8.768134935,0.490836544,0.070063694,BCG,D56
BCG13,L07,965,1177,62,65,87,87256.95663,71,15,86,5.267629567,5.522514868,7.391673747,81.98810535,0.052676296,0.055225149,0.073916737,0.819881054,1.93,2.354,0.124,0.13,0.174,15.43671545,2.772588722,4.276666119,4.465908119,24.598772,0.620834251,0.174418605,BCG,D56
BCG13,L08,897,1120,116,41,71,70290.65008,72,7,79,10.35714286,3.660714286,6.339285714,80.08928571,0.103571429,0.036607143,0.063392857,0.800892857,1.794,2.24,0.232,0.082,0.142,6.857638889,2.079441542,4.290459441,4.382026635,18.96268825,0.474538773,0.088607595,BCG,D56
BCG13,L09,7278,9004,889,373,503,551129.2707,1224,286,1510,9.873389605,4.142603287,5.586406042,80.83074189,0.098733896,0.041426033,0.05586406,0.808307419,14.556,18.008,1.778,0.746,1.006,39.18556168,5.659482216,7.110696123,7.320526962,6.471000574,0.773097653,0.189403974,BCG,D56
BCG13,L10,10107,16378,4904,595,863,958931.9813,2009,426,2435,29.94260593,3.632922213,5.269263646,61.7108316,0.299426059,0.036329222,0.052692636,0.617108316,20.214,32.756,9.808,1.19,1.726,31.52591942,6.056784013,7.605890001,7.798112629,3.791584012,0.776698709,0.174948665,BCG,D56
BCG13,L11,2176,2336,40,53,68,175586.6969,33,0,33,1.712328767,2.268835616,2.910958904,93.15068493,0.017123288,0.022688356,0.029109589,0.931506849,4.352,4.672,0.08,0.106,0.136,0,0,3.526360525,3.526360525,0,0,0,BCG,D56
BCG13,L12,2233,2826,244,156,204,208246.6288,101,8,109,8.634111819,5.520169851,7.218683652,79.01627742,0.086341118,0.055201699,0.072186837,0.790162774,4.466,5.652,0.488,0.312,0.408,3.055082578,2.197224577,4.624972813,4.700480366,7.901969508,0.467446815,0.073394495,BCG,D56
BCG13,L13,1261,1451,62,57,81,116703.535,14,1,15,4.272915231,3.928325293,5.582356995,86.90558236,0.042729152,0.039283253,0.05582357,0.869055824,2.522,2.902,0.124,0.114,0.162,0.73840701,0.693147181,2.708050201,2.772588722,4.890877553,0.25,0.066666667,BCG,D56
BCG16,L01,403,449,13,18,18,112630.622,25,0,25,2.89532294,4.008908686,4.008908686,89.75501114,0.028953229,0.040089087,0.040089087,0.897550111,0.806,0.898,0.026,0.036,0.036,0,0,3.258096538,3.258096538,0,0,0,BCG,D56
BCG16,L02,1014,1219,67,86,58,111088.079,16,0,16,5.49630845,7.054963084,4.757998359,83.18293683,0.054963084,0.070549631,0.047579984,0.831829368,2.028,2.438,0.134,0.172,0.116,0,0,2.833213344,2.833213344,0,0,0,BCG,D56
BCG16,L03,690,830,64,36,49,70293.98171,20,2,22,7.710843373,4.337349398,5.903614458,83.13253012,0.077108434,0.043373494,0.059036145,0.831325301,1.38,1.66,0.128,0.072,0.098,2.65060241,1.098612289,3.044522438,3.135494216,13.63179935,0.350379306,0.090909091,BCG,D56
BCG16,L04,1117,1245,60,33,35,115279.2648,13,1,14,4.819277108,2.65060241,2.81124498,89.7188755,0.048192771,0.026506024,0.02811245,0.897188755,2.234,2.49,0.12,0.066,0.07,0.864998455,0.693147181,2.63905733,2.708050201,5.712996997,0.255958025,0.071428571,BCG,D56
BCG09,L01,11346,14872,1952,677,935,1165429.332,37,19,56,13.1253362,4.552178591,6.286982249,76.29101668,0.131253362,0.045521786,0.062869822,0.762910167,22.692,29.744,3.904,1.354,1.87,1.933617318,2.995732274,3.63758616,4.043051268,2.238873629,0.74095827,0.339285714,BCG,D56
BCG10,L01,3141,4389,377,344,562,286409.516,17,7,24,8.589655958,7.837776259,12.80473912,71.56527683,0.08589656,0.078377763,0.128047391,0.715652768,6.282,8.778,0.754,0.688,1.124,2.251618351,2.079441542,2.890371758,3.218875825,5.276326392,0.646014837,0.291666667,BCG,D56
BCG11,L01,6846,14039,5467,981,870,620818.8121,46,38,84,38.94152005,6.987677185,6.19702258,48.76415699,0.389415201,0.069876772,0.061970226,0.48764157,13.692,28.078,10.934,1.962,1.74,4.942752642,3.663561646,3.850147602,4.442651256,3.011148496,0.824634083,0.452380952,BCG,D56
BCG11,L02,1274,1624,79,98,184,110830.1015,2,1,3,4.86453202,6.034482759,11.33004926,78.44827586,0.04864532,0.060344828,0.113300493,0.784482759,2.548,3.248,0.158,0.196,0.368,0.92364532,0.693147181,1.098612289,1.386294361,5.385802707,0.5,0.333333333,BCG,D56
BCG12,L01,9778,16326,4146,1457,1053,900798.3732,73,35,108,25.39507534,8.924415043,6.44983462,59.8921965,0.253950753,0.08924415,0.064498346,0.598921965,19.556,32.652,8.292,2.914,2.106,3.171678422,3.583518938,4.304065093,4.691347882,2.392482225,0.763857004,0.324074074,BCG,D56
SAL14,L01,1052,1856,334,253,233,102424.1658,70,14,84,17.99568966,13.63146552,12.55387931,56.68103448,0.179956897,0.136314655,0.125538793,0.566810345,2.104,3.712,0.668,0.506,0.466,9.051724138,2.708050201,4.262679877,4.442651256,15.20681432,0.609557232,0.166666667,SAL,D56
SAL14,L02,8154,15785,4330,1802,1597,838310.6039,2908,651,3559,27.43110548,11.41590117,10.11719987,51.65663605,0.274311055,0.114159012,0.101171999,0.51656636,16.308,31.57,8.66,3.604,3.194,50.47426321,6.480044562,7.975564658,8.177515824,4.209139885,0.792422137,0.18291655,SAL,D56
SAL14,L03,8707,11097,359,1062,954,696897.4555,2446,550,2996,3.235108588,9.570154096,8.596918086,78.46264756,0.032351086,0.095701541,0.085969181,0.784626476,17.414,22.194,0.718,2.124,1.908,60.70751555,6.311734809,7.802618063,8.005367067,5.835580426,0.788437901,0.183578104,SAL,D56
SAL15,L01,668,953,38,99,150,66383.7197,160,40,200,3.987408185,10.38824764,15.73976915,70.09443861,0.039874082,0.103882476,0.157397692,0.700944386,1.336,1.906,0.076,0.198,0.3,52.46589717,3.713572067,5.081404365,5.303304908,40.66884107,0.70023733,0.2,SAL,D56
SAL15,L02,1073,1544,177,135,169,100135.3017,208,52,260,11.46373057,8.743523316,10.94559585,69.49481865,0.114637306,0.087435233,0.109455959,0.694948187,2.146,3.088,0.354,0.27,0.338,42.0984456,3.970291914,5.342334252,5.564520407,26.78377733,0.713501187,0.2,SAL,D56
SAL15,L03,6890,11967,3002,1044,1190,633254.0424,1485,266,1751,25.08565221,8.723990975,9.944012702,57.57499791,0.250856522,0.08723991,0.099440127,0.575749979,13.78,23.934,6.004,2.088,2.38,26.20933718,5.587248658,7.303843225,7.468513271,4.774143,0.748107214,0.151913192,SAL,D56
SAL15,L04,6408,9456,1064,943,1078,564551.4736,1578,297,1875,11.25211506,9.97250423,11.4001692,67.76649746,0.112521151,0.099725042,0.114001692,0.677664975,12.816,18.912,2.128,1.886,2.156,37.32013955,5.697093487,7.364547014,7.53689713,6.165842561,0.755893757,0.1584,SAL,D56
SAL15,L05,3785,4828,363,306,400,320397.6498,370,32,402,7.518641259,6.338028169,8.285004143,78.3968517,0.075186413,0.063380282,0.082850041,0.783968517,7.57,9.656,0.726,0.612,0.8,7.201236033,3.496507561,5.916202063,5.998936562,7.343421914,0.582854565,0.07960199,SAL,D56
SAL16,L01,467,732,58,117,104,48647.52237,51,8,59,7.923497268,15.98360656,14.20765027,63.79781421,0.079234973,0.159836066,0.142076503,0.637978142,0.934,1.464,0.116,0.234,0.208,12.64330869,2.197224577,3.951243719,4.094344562,31.10383482,0.536648673,0.13559322,SAL,D56
SAL16,L02,995,1588,277,165,161,105377.6999,233,44,277,17.44332494,10.39042821,10.13853904,62.65743073,0.174433249,0.103904282,0.10138539,0.626574307,1.99,3.176,0.554,0.33,0.322,32.94018443,3.80666249,5.455321115,5.627621114,24.72853599,0.676424801,0.158844765,SAL,D56
SAL16,L03,2173,2441,41,172,59,165088.065,381,50,431,1.679639492,7.046292503,2.417042196,89.02089308,0.016796395,0.070462925,0.024170422,0.890208931,4.346,4.882,0.082,0.344,0.118,23.17151978,3.931825633,5.945420609,6.068425588,16.44068532,0.647915275,0.116009281,SAL,D56
SAL16,L04,771,969,34,86,78,66821.83559,109,19,128,3.50877193,8.875128999,8.049535604,79.56656347,0.035087719,0.08875129,0.080495356,0.795665635,1.542,1.938,0.068,0.172,0.156,23.02572405,2.995732274,4.700480366,4.859812404,31.9636586,0.616429612,0.1484375,SAL,D56
SAL16,L05,3671,4923,199,576,477,383169.8286,993,237,1230,4.04225066,11.70018282,9.689213894,74.56835263,0.040422507,0.117001828,0.096892139,0.745683526,7.342,9.846,0.398,1.152,0.954,59.63131316,5.472270674,6.901737207,7.115582126,11.46013547,0.769054531,0.192682927,SAL,D56
SAL16,L06,831,968,51,35,55,70834.84389,172,26,198,5.268595041,3.615702479,5.681818182,85.84710744,0.05268595,0.036157025,0.056818182,0.858471074,1.662,1.936,0.102,0.07,0.11,30.91966173,3.295836866,5.153291594,5.293304825,34.97297174,0.62264256,0.131313131,SAL,D56
SAL09,L01,729,885,21,65,70,65148.50644,18,7,25,2.372881356,7.344632768,7.90960452,82.37288136,0.023728814,0.073446328,0.079096045,0.823728814,1.458,1.77,0.042,0.13,0.14,10.98556183,2.079441542,2.944438979,3.258096538,25.99949036,0.638238161,0.28,SAL,D56
SAL09,L02,4494,5264,144,308,320,352156.4301,172,90,262,2.73556231,5.85106383,6.079027356,85.37234043,0.027355623,0.058510638,0.060790274,0.853723404,8.988,10.528,0.288,0.616,0.64,26.04350746,4.510859507,5.153291594,5.572154032,9.265776411,0.809536039,0.34351145,SAL,D56
SAL09,L03,2353,2915,150,212,204,228411.25,42,44,86,5.145797599,7.272727273,6.998284734,80.72041166,0.051457976,0.072727273,0.069982847,0.807204117,4.706,5.83,0.3,0.424,0.408,30.90745732,3.80666249,3.761200116,4.465908119,15.50562072,0.852382626,0.511627907,SAL,D56
SAL09,L04,2698,3065,96,162,110,210534.8916,154,59,213,3.132137031,5.28548124,3.588907015,88.02610114,0.03132137,0.052854812,0.03588907,0.880261011,5.396,6.13,0.192,0.324,0.22,26.62443592,4.094344562,5.043425117,5.365976015,14.21271539,0.763019542,0.276995305,SAL,D56
SAL09,L05,2631,3670,206,476,373,238261.4883,99,19,118,5.613079019,12.97002725,10.16348774,71.6893733,0.05613079,0.129700272,0.101634877,0.716893733,5.262,7.34,0.412,0.952,0.746,6.170698814,2.995732274,4.605170186,4.779123493,8.471094029,0.626837176,0.161016949,SAL,D56
SAL09,L06,707,755,27,10,11,57075.74225,100,32,132,3.57615894,1.324503311,1.456953642,93.64238411,0.035761589,0.013245033,0.014569536,0.936423841,1.414,1.51,0.054,0.02,0.022,55.94701987,3.496507561,4.615120517,4.890349128,49.07319549,0.714981174,0.242424242,SAL,D56
SAL09,L07,2621,2948,79,137,112,221462.9422,301,73,374,2.679782904,4.647218453,3.799185889,88.90773406,0.026797829,0.046472185,0.037991859,0.889077341,5.242,5.896,0.158,0.274,0.224,30.76808648,4.304065093,5.710427017,5.926926026,15.15347627,0.726188428,0.195187166,SAL,D56
SAL09,L08,864,1105,38,111,103,68183.70586,18,8,26,3.438914027,10.04524887,9.321266968,78.19004525,0.03438914,0.100452489,0.09321267,0.781900452,1.728,2.21,0.076,0.222,0.206,10.45751634,2.197224577,2.944438979,3.295836866,22.25744552,0.666666667,0.307692308,SAL,D56
SAL09,L10,8095,8869,243,289,243,621509.555,281,15,296,2.739880483,3.258540985,2.739880483,91.27297328,0.027398805,0.03258541,0.027398805,0.912729733,16.19,17.738,0.486,0.578,0.486,1.781566326,2.772588722,5.641907071,5.693732139,3.154873142,0.486954541,0.050675676,SAL,D56
SAL09,L11,13346,17793,2716,807,943,1012275.654,2298,1788,4086,15.26442983,4.535491485,5.299837015,75.00702523,0.152644298,0.045354915,0.05299837,0.750070252,26.692,35.586,5.432,1.614,1.886,178.6761861,7.489412084,7.740229525,8.315566484,4.522062383,0.900649655,0.437591777,SAL,D56
SAL09,L12,2054,2424,146,117,107,161265.3758,53,18,71,6.02310231,4.826732673,4.414191419,84.7359736,0.060231023,0.048267327,0.044141914,0.847359736,4.108,4.848,0.292,0.234,0.214,9.947692882,2.944438979,3.988984047,4.276666119,13.02305844,0.688489327,0.253521127,SAL,D56
SAL09,L13,638,669,12,6,15,55160.00167,16,3,19,1.793721973,0.896860987,2.242152466,95.36621824,0.01793722,0.00896861,0.022421525,0.953662182,1.276,1.338,0.024,0.012,0.03,5.325112108,1.386294361,2.833213344,2.995732274,21.91053886,0.462756426,0.157894737,SAL,D56
SAL10,L01,2691,3030,95,157,89,224603.0909,9,11,20,3.135313531,5.181518152,2.937293729,88.81188119,0.031353135,0.051815182,0.029372937,0.888118812,5.382,6.06,0.19,0.314,0.178,8.067473414,2.48490665,2.302585093,3.044522438,10.84353636,0.816189304,0.55,SAL,D56
SAL10,L02,2036,2817,299,268,241,187590.983,33,55,88,10.61412851,9.513667022,8.555200568,72.27547036,0.106141285,0.09513667,0.085552006,0.722754704,4.072,5.634,0.598,0.536,0.482,52.0648444,4.025351691,3.526360525,4.48863637,18.18882716,0.896787211,0.625,SAL,D56
SAL10,L03,2067,2885,332,258,233,172398.3273,1,11,12,11.50779896,8.942807626,8.076256499,71.64644714,0.11507799,0.089428076,0.080762565,0.716464471,4.134,5.77,0.664,0.516,0.466,45.75389948,2.48490665,0.693147181,2.564949357,31.8726075,0.96879365,0.916666667,SAL,D56
SAL10,L04,894,1132,42,111,85,80697.65647,1,3,4,3.71024735,9.80565371,7.508833922,78.97526502,0.037102473,0.098056537,0.075088339,0.78975265,1.788,2.264,0.084,0.222,0.17,10.60070671,1.386294361,0.693147181,1.609437912,28.43529881,0.861353116,0.75,SAL,D56
SAL10,L05,10849,16952,3486,1217,1497,967637.2328,153,144,297,20.56394526,7.179093912,8.830816423,63.99834828,0.205639453,0.071790939,0.088308164,0.639983483,21.698,33.904,6.972,2.434,2.994,16.48946506,4.976733742,5.036952602,5.697093487,3.320541746,0.873556622,0.484848485,SAL,D56
SAL10,L06,7470,11181,1721,947,1092,685535.2708,535,327,862,15.39218317,8.469725427,9.766568285,66.80976657,0.153921832,0.084697254,0.097665683,0.668097666,14.94,22.362,3.442,1.894,2.184,47.12166083,5.793013608,6.284134161,6.760414691,5.573805243,0.856902109,0.379350348,SAL,D56
SAL10,L07,12462,17425,2397,1211,1420,1047428.661,796,345,1141,13.75609756,6.949784792,8.149210904,71.517934,0.137560976,0.069497848,0.081492109,0.71517934,24.924,34.85,4.794,2.422,2.84,28.38042436,5.846438775,6.680854679,7.04053639,3.53583786,0.830396784,0.302366345,SAL,D56
SAL10,L08,627,973,65,158,128,59446.26298,8,4,12,6.68036999,16.23843782,13.15519013,64.43987667,0.0668037,0.162384378,0.131551901,0.644398767,1.254,1.946,0.13,0.316,0.256,6.166495375,1.609437912,2.197224577,2.564949357,19.3092646,0.627473563,0.333333333,SAL,D56
SAL10,L09,1886,2556,122,241,309,188505.5409,82,24,106,4.773082942,9.428794992,12.08920188,73.78716745,0.047730829,0.09428795,0.120892019,0.737871674,3.772,5.112,0.244,0.482,0.618,12.13786786,3.218875825,4.418840608,4.672828834,13.31726097,0.688849504,0.226415094,SAL,D56
SAL10,L10,2192,2807,98,294,224,200556.382,4,6,10,3.49127182,10.47381546,7.980049875,78.09048807,0.034912718,0.104738155,0.079800499,0.780904881,4.384,5.614,0.196,0.588,0.448,5.343783399,1.945910149,1.609437912,2.397895273,10.32847861,0.811507563,0.6,SAL,D56
SAL10,L11,1153,1917,93,317,374,119818.7449,10,8,18,4.851330203,16.53625456,19.5096505,60.14606155,0.048513302,0.165362546,0.195096505,0.601460616,2.306,3.834,0.186,0.634,0.748,7.511737089,2.197224577,2.397895273,2.944438979,14.07423124,0.7462286,0.444444444,SAL,D56
SAL11,L01,2358,3077,338,219,172,192527.2946,1,1,2,10.98472538,7.117322067,5.589860253,76.63308417,0.109847254,0.071173221,0.055898603,0.766330842,4.716,6.154,0.676,0.438,0.344,0.64998375,0.693147181,0.693147181,1.098612289,3.570400678,0.630929754,0.5,SAL,D56
SAL11,L02,420,548,42,48,40,39341.39697,20,31,51,7.664233577,8.759124088,7.299270073,76.64233577,0.076642336,0.087591241,0.072992701,0.766423358,0.84,1.096,0.084,0.096,0.08,144.2518248,3.465735903,3.044522438,3.951243719,82.07852555,0.877125318,0.607843137,SAL,D56
SAL11,L03,638,773,37,60,38,66670.14093,1,3,4,4.786545925,7.761966365,4.915912031,82.53557568,0.047865459,0.077619664,0.04915912,0.825355757,1.276,1.546,0.074,0.12,0.076,15.52393273,1.386294361,0.693147181,1.609437912,41.64134314,0.861353116,0.75,SAL,D56
SAL11,L04,2402,2784,101,98,189,174140.9888,6,5,11,3.627873563,3.520114943,6.788793103,86.27873563,0.036278736,0.035201149,0.067887931,0.862787356,4.804,5.568,0.202,0.196,0.378,3.292624521,1.791759469,1.945910149,2.48490665,8.218598651,0.721057054,0.454545455,SAL,D56
SAL11,L05,915,1613,500,86,120,81454.8165,46,26,72,30.99814011,5.331680099,7.439553627,56.7265964,0.309981401,0.053316801,0.074395536,0.567265964,1.83,3.226,1,0.172,0.24,25.22979056,3.295836866,3.850147602,4.290459441,22.76972374,0.768178073,0.361111111,SAL,D56
SAL11,L06,1050,1299,69,81,99,87786.82234,7,10,17,5.311778291,6.23556582,7.621247113,80.83140878,0.053117783,0.062355658,0.076212471,0.808314088,2.1,2.598,0.138,0.162,0.198,18.69569999,2.397895273,2.079441542,2.890371758,25.65831011,0.829614829,0.588235294,SAL,D56
SAL11,L07,307,412,19,41,45,36867.56675,12,11,23,4.611650485,9.951456311,10.9223301,74.51456311,0.046116505,0.099514563,0.109223301,0.745145631,0.614,0.824,0.038,0.082,0.09,51.17313916,2.48490665,2.564949357,3.17805383,74.73005752,0.781895708,0.47826087,SAL,D56
SAL11,L08,496,663,27,62,82,41222.17429,2,1,3,4.07239819,9.351432881,12.36802413,74.81146305,0.040723982,0.093514329,0.123680241,0.74811463,0.992,1.326,0.054,0.124,0.164,2.262443439,0.693147181,1.098612289,1.386294361,13.19237345,0.5,0.333333333,SAL,D56
SAL11,L09,6414,9050,1807,456,379,499024.0308,115,125,240,19.96685083,5.038674033,4.187845304,70.87292818,0.199668508,0.05038674,0.041878453,0.708729282,12.828,18.1,3.614,0.912,0.758,28.82536632,4.836281907,4.753590191,5.484796933,6.165976193,0.881761342,0.520833333,SAL,D56
SAL11,L10,2560,3171,208,159,254,204936.4268,2,2,4,6.55944497,5.014191107,8.010091454,80.7316304,0.06559445,0.050141911,0.080100915,0.807316304,5.12,6.342,0.416,0.318,0.508,1.261431725,1.098612289,1.098612289,1.609437912,5.075490105,0.682606194,0.5,SAL,D56
SAL11,L11,5317,8050,1917,378,451,422551.8582,84,114,198,23.8136646,4.695652174,5.602484472,66.04968944,0.238136646,0.046956522,0.056024845,0.660496894,10.634,16.1,3.834,0.756,0.902,33.38065661,4.744932128,4.442651256,5.293304825,7.022937537,0.896402585,0.575757576,SAL,D56
SAL11,L12,5309,7184,592,657,639,458233.3192,270,299,569,8.240534521,9.14532294,8.894766147,73.90033408,0.082405345,0.091453229,0.088947661,0.739003341,10.618,14.368,1.184,1.314,1.278,87.71085952,5.703782475,5.602118821,6.345636361,8.993308593,0.89885114,0.525483304,SAL,D56
SAL11,L13,456,632,26,51,102,47484.21322,6,10,16,4.113924051,8.069620253,16.13924051,72.15189873,0.041139241,0.080696203,0.161392405,0.721518987,0.912,1.264,0.052,0.102,0.204,42.19409283,2.397895273,1.945910149,2.833213344,55.24202991,0.846351821,0.625,SAL,D56
SAL12,L01,499,761,48,75,141,53439.73042,5,1,6,6.307490145,9.855453351,18.5282523,65.57161629,0.063074901,0.098554534,0.185282523,0.655716163,0.998,1.522,0.096,0.15,0.282,1.576872536,0.693147181,1.791759469,1.945910149,9.891994794,0.356207187,0.166666667,SAL,D56
SAL12,L02,8505,14673,4469,769,1020,823525.5866,347,284,631,30.45730253,5.240918694,6.951543652,57.96360662,0.304573025,0.052409187,0.069515437,0.579636066,17.01,29.346,8.938,1.538,2.04,35.19648609,5.65248918,5.85220248,6.448889394,4.245085157,0.876505835,0.450079239,SAL,D56
SAL12,L03,419,694,137,76,78,47106.0587,5,7,12,19.74063401,10.95100865,11.23919308,60.37463977,0.19740634,0.109510086,0.112391931,0.603746398,0.838,1.388,0.274,0.152,0.156,24.2074928,2.079441542,1.791759469,2.564949357,42.89299104,0.810714463,0.583333333,SAL,D56
SAL12,L04,1398,1455,28,12,17,104124.0971,1,0,1,1.924398625,0.824742268,1.16838488,96.08247423,0.019243986,0.008247423,0.011683849,0.960824742,2.796,2.91,0.056,0.024,0.034,0,0,0.693147181,0.693147181,0,0,0,SAL,D56
SAL12,L05,1097,1759,175,303,198,129505.4286,5,1,6,9.948834565,17.22569642,11.25639568,62.3649801,0.099488346,0.172256964,0.112563957,0.623649801,2.194,3.518,0.35,0.606,0.396,0.682205799,0.693147181,1.791759469,1.945910149,4.279595246,0.356207187,0.166666667,SAL,D56
SAL12,L06,356,479,80,16,32,32149.7976,1,0,1,16.70146138,3.340292276,6.680584551,74.32150313,0.167014614,0.033402923,0.066805846,0.743215031,0.712,0.958,0.16,0.032,0.064,0,0,0.693147181,0.693147181,0,0,0,SAL,D56
SAL12,L07,5261,6516,724,324,231,423791.2721,45,22,67,11.11111111,4.972375691,3.545119705,80.73971762,0.111111111,0.049723757,0.035451197,0.807397176,10.522,13.032,1.448,0.648,0.462,5.026942228,3.135494216,3.828641396,4.219507705,5.303249038,0.743094796,0.328358209,SAL,D56
SAL12,L08,1074,1419,84,155,111,105083.6433,3,0,3,5.919661734,10.92318534,7.822410148,75.68710359,0.059196617,0.109231853,0.078224101,0.756871036,2.148,2.838,0.168,0.31,0.222,0,0,1.386294361,1.386294361,0,0,0,SAL,D56
SAL12,L09,1276,1576,108,87,108,107564.1371,9,13,22,6.852791878,5.520304569,6.852791878,80.96446701,0.068527919,0.055203046,0.068527919,0.80964467,2.552,3.152,0.216,0.174,0.216,20.16356458,2.63905733,2.302585093,3.135494216,22.80252428,0.841671886,0.590909091,SAL,D56